<?xml version="1.0" encoding="UTF-8"?>
<beans xmlns="http://www.springframework.org/schema/beans"
	xmlns:xsi="http://www.w3.org/2001/XMLSchema-instance"
	xmlns:tx="http://www.springframework.org/schema/tx"
	xsi:schemaLocation="http://www.springframework.org/schema/beans https://www.springframework.org/schema/beans/spring-beans.xsd
		http://www.springframework.org/schema/tx http://www.springframework.org/schema/tx/spring-tx-4.3.xsd">
	
	<!-- Root Context: defines shared resources visible to all other web components -->
	<bean id="dataSource" class="org.springframework.jdbc.datasource.DriverManagerDataSource">
	<property name="driverClassName" value="com.mysql.jdbc.Driver"></property>
	<property name="url" value="jdbc:mysql://localhost:3306/wofov?serverTimezone=UTC"></property>
	<property name="username" value="wofov"></property>
	<property name="password" value="h2020010063"></property>
	</bean><!-- jdbc:mysql://localhost:3306/wofov  //  jdbc:mysql://umj7-009.cafe24.com/wofov -->
	
	<!-- xml을 이용한 mybatis -->
<!-- 	<bean id="sqlSessionFactory" class="org.mybatis.spring.SqlSessionFactoryBean"> -->
<!-- 	<property name="dataSource" ref="dataSource" /> -->
<!-- 	<property name="configLocation" value="classpath:mybatis/mybatis-config.xml" /> -->
<!-- 	<property name="mapperLocations" value="classpath:mybatis/mappers/**/*.xml" /> -->
<!-- 	</bean> -->

	<!-- 인터페이스를 이용하는 mybatis -->
	<bean id="sqlSessionFactory" class="org.mybatis.spring.SqlSessionFactoryBean"> 
 	<property name="dataSource" ref="dataSource" />
 	</bean>
 	<bean class="org.mybatis.spring.mapper.MapperScannerConfigurer">
 		<property name="basePackage" value="com.cafe24.wofov.dao"></property>
 	</bean>

	<bean id="sqlSession" class="org.mybatis.spring.SqlSessionTemplate" destroy-method="close">
	<constructor-arg index="0" ref="sqlSessionFactory" />
	</bean>
	
	<!-- Spring JDBC나 Mybatis를 사용하은 경우
	트랜잭션을 쓰기위한 클래스의 bean -->
	<bean id="transactionManager" 	class="org.springframework.jdbc.datasource.DataSourceTransactionManager">
  		<property name="dataSource" ref="dataSource" />
	</bean>
	<!-- 트랜잭션을 어노테이션으로 사용하기 위한 설정 -->
    <tx:annotation-driven />
	
</beans>
