<?xml version="1.0" encoding="UTF-8"?>
<beans:beans xmlns="http://www.springframework.org/schema/mvc"
	xmlns:xsi="http://www.w3.org/2001/XMLSchema-instance"
	xmlns:beans="http://www.springframework.org/schema/beans"
	xmlns:context="http://www.springframework.org/schema/context"
	xsi:schemaLocation="http://www.springframework.org/schema/mvc https://www.springframework.org/schema/mvc/spring-mvc.xsd
		http://www.springframework.org/schema/beans https://www.springframework.org/schema/beans/spring-beans.xsd
		http://www.springframework.org/schema/context https://www.springframework.org/schema/context/spring-context.xsd">

	<!-- Spring Mvc 에서 제공하는 어노테이션을 사용하겠다는 설정 -->
	<annotation-driven />

	<!-- 컴파일 되지 않는 파일(정적 파일)의 위치를 설정 -->
	<!-- resources/로 시작하는 파일 경로는 src/main/resource 디렉토리에서 찾고 
	지 자원들을 캐싱 함 -->
	<resources mapping="/resources/**" location="/resources/" />

	<!-- controller에서 view이름을 티런하는 경우
	redirect되는 경우는 이 설정을 적용하지 않음 -->
	<beans:bean class="org.springframework.web.servlet.view.InternalResourceViewResolver">
		<beans:property name="prefix" value="/WEB-INF/views/" />
		<beans:property name="suffix" value=".jsp" />
	</beans:bean>
	<!-- 어노테이션 클래스 bean를 자동으로 생성 경로 -->
	<context:component-scan base-package="com.cafe24.wofov" />
	
	<beans:bean id="multipartResolver"
	class="org.springframework.web.multipart.commons.CommonsMultipartResolver">
	</beans:bean>
	
	<!-- controller가 처리하지 못하는 핸들러 -->
	<default-servlet-handler/>
	
	
</beans:beans>
